,"Unemployment, male (% of male labor force) (modeled ILO estimate)","Unemployment, female (% of female labor force) (modeled ILO estimate)","Life expectancy at birth, male (years)","Life expectancy at birth, female (years)"
count,21.0,21.0,21.0,21.0
mean,4.553380966285715,3.571238086333333,71.38261904761904,76.3815238095238
std,0.697038787785327,0.5466429069420466,2.064662841148416,2.421403118422201
min,3.326999903,2.608999968,67.833,72.308
25%,3.614000082,2.835000038,69.723,74.189
50%,4.97300005,3.900000095,71.619,76.819
75%,5.073999882,3.979000092,73.08,78.326
max,5.221000195,4.09499979,74.379,79.772
